A,,,,,,,,
English,,,,,,Indonesia,Local,
abrasion (n)                                                                                                                                                                                                                                                                                                                                           /əˈbreɪ.ʒən/,,,,,,"aus, luka, lecet",aus,
,,,,,,,,
,,,,,,,,
accelerator (n)                                                                                                                                                                                                                                                                                                                                        /əkˈseləreɪtə(r)/,,,,,,pedal gas,pedal gas,
,,,,,,,,
,,,,,,,,
accumulator (n)                                                                                                                                                                                                                                                                                                                                       /əˈkjuː.mjə.leɪ.tər/,,,,,,akumulator,baterai,
,,,,,,,,
,,,,,,,,
acid number (n)                                                                                                                                                                                                                                                                                                                                               /ˈæs.ɪd ˈnʌm.bər/,,,,,,"bilangan asam, nilai keasaman pada pelumas/oli","bilangan asam, nilai keasaman pada pelumas/oli",
,,,,,,,,
,,,,,,,,
adhesive (n)                                                                                                                                                                                                                                                                                                                                                           /ədˈhiː.sɪv/,,,,,,perekat,lem,
,,,,,,,,
,,,,,,,,
adjustable spanner (n)                                                                                                                                                                                                                                                                                                                           /əˌdʒʌstəbl ˈspænə(r)/,,,,,,kunci Inggris,kunci Inggris,
,,,,,,,,
,,,,,,,,
,,,,,,,,
,,,,,,,,
,,,,,,,,
,,,,,,,,
,,,,,,,,
,,,,,,,,
,,,,,,,,
,,,,,,,,
Figure A.1 Adjustable spanner (source: amazon.com),,,,,,,,
,,,,,,,,
,,,,,,,,
adjustable wrench (n)                                                                                                                                                                                                                                                                                                                                                                      /əˌdʒʌstəbl ˈrentʃ/,,,,,,kunci Inggris,kunci Inggris,
,,,,,,,,
,,,,,,,,
airbag (n)                                                                                                                                                                                                                                                                                                                                                             /ˈeə.bæɡ/,,,,,,kantong udara,kantong udara,
,,,,,,,,
,,,,,,,,
air cleaner (n)                                                                                                                                                                                                                                                                                                                                                          /eə(r) ˈkliːnə(r)/,,,,,,pembersih udara,pembersih udara,
,,,,,,,,
,,,,,,,,
Air Conditioning (A/C) (n)                                                                                                                                                                                                                                                                                                                                                                                                                                                                                             /ˈeə kənˌdɪʃ.ən.ɪŋ/,,,,,,pengatur suhu udara,pendingin ruangan,
,,,,,,,,
,,,,,,,,
"air filter (n)
/eə(r)ˈfɪltə(r)/",,,,,,penyaring udara,penyaring udara,
,,,,,,,,
,,,,,,,,
"air flow meter (n)
/eər fləʊ ˈmiː.tər/",,,,,,meter aliran udara,pengukur aliran udara,
,,,,,,,,
,,,,,,,,
airfoil (n)                                                                                                                                                                                                                                                                                                                                                                              /ˈeəfɔɪl /,,,,,,"bentuk penampang sayap, turbin","bentuk penampang sayap, turbin","bentuk penampang sayap, turbin"
,,,,,,,,
,,,,,,,,
air spring (n)                                                                                                                                                                                                                                                                                                                                       /eər sprɪŋ/,,,,,,pegas udara,sok angin,
,,,,,,,,
,,,,,,,,
air spring rear axle (n)                                                                                                                                                                                                                                                                                                                                     /eər sprɪŋ rɪər  ˈæk.səl/,,,,,,suspensi  balon,sok udara,
,,,,,,,,
,,,,,,,,
allen key (n)                                                                                                                                                                                                                                                                                                                                                                  /ˈæl.ən ˌkiː/,,,,,,kunci L,kunci L,
,,,,,,,,
,,,,,,,,
alignment (n)                                                                                                                                                                                                                                                                                                                                                / əˈlaɪnmənt /,,,,,,"deretan, kesejajaran","deretan, kesejajaran, sumbu poros",
,,,,,,,,
,,,,,,,,
alternator (n)                                                                                                                                                                                                                                                                                                                                                                                                                                                                                                                   / ˈɔːltəneɪtə(r) /,,,,,,"dinamo, pengisi daya, generator listrik","dinamo isi, pengisi daya, ampere",
,,,,,,,,
,,,,,,,,
ampere meter (n)                                                                                                                                                                                                                                                                                                                                                     /ˈæm·pɪər ˈmiː.tər/,,,,,,alat ukur arus listrik,alat ukur arus listrik,
,,,,,,,,
,,,,,,,,
auger (n)                                                                                                                                                                                                                                                                                                                                                                    /ˈɔː.ɡər/,,,,,,bor,bor,
,,,,,,,,
,,,,,,,,
axle (n)                                                                                                                                                                                                                                                                                                                                                                                          /ˈæk.səl/,,,,,,"poros, gardan","poros, gardan",
,,,,,,,,
,,,,,,,,
axle hump (n)                                                                                                                                                                                                                                                                                                                                                      /ˈæk.səl hʌmp /,,,,,,bonggol gardan,kepala kambing,
,,,,,,,,
,,,,,,,,
axle shaft (n)                                                                                                                                                                                                                                                                                                                                                        /ˈæk.səl ʃɑːft/,,,,,,poros penggerak,poros penggerak,
,,,,,,,,
B,,,,,,,,
English,,,,,,Indonesia,Local,
back seat (n)                                                                                                                                                                                                                                                                                                                                                         /ˌbæk ˈsiːt/,,,,,,jok belakang,jok belakang,
,,,,,,,,
,,,,,,,,
"back sonar system (n)                                                                                                                                                                                                                                                                                                                                              /bæk ˈsəʊ.nɑːr
ˈsɪs.təm/",,,,,,teknologi sensor parkir,sensor parkir,
,,,,,,,,
,,,,,,,,
backup light (n)                                                                                                                                                                                                                                                                                                                                                         /ˈbæk.ʌp laɪt/,,,,,,"lampu rem, lampu tanda mundur",lampu cadangan,
,,,,,,,,
,,,,,,,,
ball joint (n)                                                                                                                                                                                                                                                                                                                                                                                                      /ˌbɔːl dʒɔɪnt/,,,,,,bola penghubung,bola penghubung,
,,,,,,,,
,,,,,,,,
ball and socket joints (n)                                                                                                                                                                                                                                                                                                                                  /ˌbɔːl.ənˈsɒk.ɪt dʒɔɪnt/,,,,,,sambungan bola dan soket,sambungan bola dan soket,
,,,,,,,,
,,,,,,,,
bar (n)                                                                                                                                                                                                                                                                                                                                                                        /bɑːr/,,,,,,satuan tekanan,satuan tekanan,
,,,,,,,,
,,,,,,,,
barometric pressure (n)                                                                                                                                                                                                                                                                                                                                                                   /ˌbær.əʊˈmet.rɪk ˈpreʃ.ər/,,,,,,tekanan barometric,tekanan udara,
,,,,,,,,
,,,,,,,,
battery positive voltage (B+) (n)                                                                                                                                                                                                                                                                                                                 /ˈbæt.ər.i ˈpɒz.ə.tɪv ˈvɒl.tɪdʒ/,,,,,,tegangan baterai positif,kutub positif baterai,
,,,,,,,,
,,,,,,,,
bell crank (n)                                                                                                                                                                                                                                                                                                                                                     /bel kræŋk/,,,,,,engkol yang mengubah gerak melalui sudut,engkol bel,
,,,,,,,,
,,,,,,,,
bearing (n)                                                                                                                                                                                                                                                                                                                                                   /beə.rɪŋ/,,,,,,bantalan,klahar,
,,,,,,,,
,,,,,,,,
,,,,,,,,
,,,,,,,,
,,,,,,,,
,,,,,,,,
,,,,,,,,
,,,,,,,,
,,,,,,,,
,,,,,,,,
Figure B.1 Bearing (source: GridOto.com),,,,,,,,
,,,,,,,,
bearing cup (n)                                                                                                                                                                                                                                                                                                                                                       /ˈbeərɪŋ kʌp/,,,,,,mangkok pelor,tempat pelor,
,,,,,,,,
,,,,,,,,
bearing journal (n)                                                                                                                                                                                                                                                                                                                                       /ˈbeə.rɪŋ ˈdʒɜː.nəl/,,,,,,bantalan poros engkol,kruk as,
,,,,,,,,
,,,,,,,,
balance (n)                                                                                                                                                                                                                                                                                                                                                       /ˈbæləns/,,,,,,penyeimbang,penyeimbang,
,,,,,,,,
,,,,,,,,
battery (n)                                                                                                                                                                                                                                                                                                                                                        /ˈbætəri/,,,,,,aki,aki,
,,,,,,,,
,,,,,,,,
belt (n)                                                                                                                                                                                                                                                                                                                                                                 /ˈbelt/,,,,,,sabuk,sabuk,
,,,,,,,,
,,,,,,,,
belt drive (n)                                                                                                                                                                                                                                                                                                                                                    /ˈbelt draɪv /,,,,,,"sabuk penghubung, tali puli","sabuk penghubung, tali puli",
,,,,,,,,
,,,,,,,,
belted radial tire (n)                                                                                                                                                                                                                                                                                                                         /beltuhd ˈreɪ·di·əl ˈtɑɪər/,,,,,,ban radial bersabuk,lapisan ban radial,
,,,,,,,,
,,,,,,,,
bold (n)                                                                                                                                                                                                                                                                                                                                                              /bəʊld/,,,,,,baut,baut,
,,,,,,,,
,,,,,,,,
bonnet (n)                                                                                                                                                                                                                                                                                                                                                          /ˈbɒnɪt/,,,,,,penutup mesin,penutup mesin,
,,,,,,,,
,,,,,,,,
bosch pump (n)                                                                                                                                                                                                                                                                                                                                      /bosh pʌmp/,,,,,,pompa bosch,bospom,
,,,,,,,,
,,,,,,,,
block cylinder (n)                                                                                                                                                                                                                                                                                                                                   /blɒk ˈsɪlɪndə® /,,,,,,blok silinder,blok silinder,
,,,,,,,,
,,,,,,,,
blow-by (n)                                                                                                                                                                                                                                                                                                                                                 /bləʊ baɪ/,,,,,,proses kebocoran kompresi melalui ring piston,proses kebocoran kompresi melalui ring piston,
,,,,,,,,
,,,,,,,,
blower (n)                                                                                                                                                                                                                                                                                                                                                          /ˈbləʊə(r)/,,,,,,kipas pendingin,kipas pendingin,
,,,,,,,,
,,,,,,,,
bracket (n)                                                                                                                                                                                                                                                                                                                                                     /ˈbræk.ɪt/,,,,,,dudukan,dudukan,
,,,,,,,,
,,,,,,,,
brake (n)                                                                                                                                                                                                                                                                                                                                                       /breɪk/,,,,,,rem,rem,
,,,,,,,,
,,,,,,,,
brake hose (n)                                                                                                                                                                                                                                                                                                                                                     /breɪk həʊz/,,,,,,"selang rem, kabel rem",tali rem,
,,,,,,,,
,,,,,,,,
brake light (n)                                                                                                                                                                                                                                                                                                                                                             /ˈbreɪk laɪt /,,,,,,lampu rem,lampu rem,
,,,,,,,,
,,,,,,,,
brake pad (n)                                                                                                                                                                                                                                                                                                                                                              /ˈbreɪk ˌpæd/,,,,,,kampas rem cakram,kampas rem cakram,
,,,,,,,,
,,,,,,,,
brake shoe (n)                                                                                                                                                                                                                                                                                                                                              /breɪk ʃuː/,,,,,,sepatu rem,kampas rem tromol,
,,,,,,,,
,,,,,,,,
brass (n)                                                                                                                                                                                                                                                                                                                                                       /brɑːs/,,,,,,kuningan,kuningan,
,,,,,,,,
,,,,,,,,
breaker bar (n)                                                                                                                                                                                                                                                                                                                                                 /ˈbreɪ.kər bɑːr/,,,,,,batang universal,batang universal,
,,,,,,,,
,,,,,,,,
body (n)                                                                                                                                                                                                                                                                                                                                                              /ˈbɒdi /,,,,,,bok kendaraan,tebeng,
,,,,,,,,
,,,,,,,,
bore (n)                                                                                                                                                                                                                                                                                                                                                        /bɔːr/,,,,,,diameter silinder,diameter silinder,
,,,,,,,,
,,,,,,,,
bulb (n)                                                                                                                                                                                                                                                                                                                                                               /bʌlb/,,,,,,bola lampu,bolam,
,,,,,,,,
,,,,,,,,
bumper (n)                                                                                                                                                                                                                                                                                                                                                         /ˈbʌmpə(r)/,,,,,,batang besi atau plastik yang melintang pada bagian depan dan belakang mobil,bemper,
,,,,,,,,
,,,,,,,,
,,,,,,,,
bushing (n)                                                                                                                                                                                                                                                                                                                                                 /bʊʃɪŋ/,,,,,,bantalan besi bercelah,bantalan besi,
,,,,,,,,
C,,,,,,,,
English,,,,,Indonesia,,Local,
cable (n)                                                                                                                                                                                                                                                                                                                                                           /ˈkeɪbl /,,,,,kabel,,kabel,
,,,,,,,,
,,,,,,,,
califer (n)                                                                                                                                                                                                                                                                                                                                                            /ˈkælɪpə(r)/,,,,,kaliper cakram,,pala babi,
,,,,,,,,
,,,,,,,,
cam angle (n)                                                                                                                                                                                                                                                                                                                                           /kæm ˈæŋ.ɡəl/,,,,,sudut cam,,derajat pengapian,
,,,,,,,,
,,,,,,,,
camber (n)                                                                                                                                                                                                                                                                                                                                                       /ˈkæm.bər/,,,,,sudut kemiringan roda,,sudut kemiringan roda,
,,,,,,,,
,,,,,,,,
"cam chain (n)
/kæm tʃeɪn/",,,,,kamrat,,"rantai keteng, rantai kamrat",
,,,,,,,,
,,,,,,,,
,,,,,,,,
,,,,,,,,
,,,,,,,,
,,,,,,,,
,,,,,,,,
,,,,,,,,
,,,,,,,,
,,,,,,,,
Figure C.1 Cam chain (source: starmoto.com),,,,,,,,
,,,,,,,,
camshaft (n)                                                                                                                                                                                                                                                                                                                                                        /ˈkæm.ʃɑːft/,,,,,poros bubungan,,noken as,
,,,,,,,,
,,,,,,,,
canister (n)                                                                                                                                                                                                                                                                                                                                                          /ˈkæn.ɪ.stər/,,,,,saringan oli,,filter masker,
,,,,,,,,
,,,,,,,,
car body (n)                                                                                                                                                                                                                                                                                                                                                /kɑː(r) ˈbɒdi/,,,,,bodi mobil,,tebeng mobil,
,,,,,,,,
,,,,,,,,
car engine (n)                                                                                                                                                                                                                                                                                                                                                    /kɑː(r) ˈendʒɪn/,,,,,mesin mobil,,mesin mobil,
,,,,,,,,
,,,,,,,,
car radio (n)                                                                                                                                                                                                                                                                                                                                                       / kɑː(r) ˈreɪdiəʊ/,,,,,radio mobil,,audio mobil,
,,,,,,,,
,,,,,,,,
carter (n)                                                                                                                                                                                                                                                                                                                                                      /ˈkɑːtə(r)/,,,,,bak oli,,bak oli,
,,,,,,,,
,,,,,,,,
cartridge (n)                                                                                                                                                                                                                                                                                                                                                  /ˈkɑːtrɪdʒ/,,,,,saringan oli,,filter masker,
,,,,,,,,
,,,,,,,,
car battery (n)                                                                                                                                                                                                                                                                                                                                           /kɑː(r) ˈbætəri/,,,,,accu mobil,,aki mobil,
,,,,,,,,
,,,,,,,,
carbon brush (n)                                                                                                                                                                                                                                                                                                                                              /ˈkɑː.bən brʌʃ/,,,,,sikat karbon,,kolboster,
,,,,,,,,
,,,,,,,,
carburettor (n)                                                                                                                                                                                                                                                                                                                                                    /ˌkɑːbəˈretə(r)/,,,,,karburator,,karburator,
,,,,,,,,
,,,,,,,,
caster angle (n)                                                                                                                                                                                                                                                                                                                                                /ˈkɑː.stər ˈæŋ.ɡəl/,,,,,sudut kastor,,sudut kastor,
,,,,,,,,
,,,,,,,,
catalyst (n)                                                                                                                                                                                                                                                                                                                                                               /ˈkæt.əl.ɪst/,,,,,katalis knalpot,,gentong knalpot,
,,,,,,,,
,,,,,,,,
chain (n)                                                                                                                                                                                                                                                                                                                                                       /tʃeɪn/,,,,,rantai,,rantai,
,,,,,,,,
,,,,,,,,
chaincase (n)                                                                                                                                                                                                                                                                                                                                                                 /tʃeɪn keɪs/,,,,,kotak rantai,,ketengkas,
,,,,,,,,
,,,,,,,,
Charge Air Cooler (CAC) (n)                                                                                                                                                                                                                                                                                                             /tʃɑːdʒ ˈeəˌkuː.lər/,,,,,pengisian pendingin udara,,tambahan pendingin udara,
,,,,,,,,
,,,,,,,,
chassis (n)                                                                                                                                                                                                                                                                                                                                                                                                         /ˈʃæs.i/,,,,,kerangka mobil,,kerangka mobil,
,,,,,,,,
,,,,,,,,
chiller (n)                                                                                                                                                                                                                                                                                                                                                             / tʃɪl.ər/,,,,,pendingin,,pendingin,
,,,,,,,,
,,,,,,,,
chipping hammer (n)                                                                                                                                                                                                                                                                                                                                        /ˈtʃɪp.ɪŋ ˈhæm.ər/,,,,,palu terak,,tukul terak,
,,,,,,,,
,,,,,,,,
chisels (n)                                                                                                                                                                                                                                                                                                                                                                /ˈtʃɪzl/,,,,,pahat,,pahat,
,,,,,,,,
,,,,,,,,
choke (n)                                                                                                                                                                                                                                                                                                                                                          /tʃəʊk/,,,,,sebuah sistem pada karburator mesin baik motor atau mobil yang bertujuan untuk mendukung kinerja mesin saat kondisi mesin masih dingin,,stel bensin,
,,,,,,,,
,,,,,,,,
,,,,,,,,
,,,,,,,,
,,,,,,,,
closed throttle position (n)                                                                                                                                                                                                                                                                                                               /kləʊzd ˈθrɒt.əl pəˈzɪʃ.ən/,,,,,posisi trotel tertutup,,posisi gas tertutup,
,,,,,,,,
,,,,,,,,
clutch (n)                                                                                                                                                                                                                                                                                                                                                           /klʌtʃ /,,,,,pedal kopling,,kopling,
,,,,,,,,
,,,,,,,,
clutch cover (n)                                                                                                                                                                                                                                                                                                                                                  /klʌtʃ ˈkʌv.ər/,,,,,"penutup kopling, bak kopling",,blok kopling,
,,,,,,,,
,,,,,,,,
clutch pedal position (n)                                                                                                                                                                                                                                                                                                                      /klʌtʃ ˈped.əl pəˈzɪʃ.ən/,,,,,posisi pedal kopling,,posisi pedal kopling,
,,,,,,,,
,,,,,,,,
clutch pilot bearing (n)                                                                                                                                                                                                                                                                                                                         / klʌtʃ ˈpaɪ.lət beə.rɪŋ/,,,,,bantalan pilot kopling,,dreg/drag leher,
,,,,,,,,
,,,,,,,,
cogwheel (n)                                                                                                                                                                                                                                                                                                                                                     /ˈkɒɡwiːl/,,,,,"roda bergigi, gir",,gir minion,
,,,,,,,,
,,,,,,,,
coil (n)                                                                                                                                                                                                                                                                                                                                                                      /kɔɪl/,,,,,,lilitan kumparan,,koil
,,,,,,,,
,,,,,,,,
,,,,,,,,
,,,,,,,,
,,,,,,,,
,,,,,,,,
,,,,,,,,
,,,,,,,,
,,,,,,,,
,,,,,,,,
,,,,,,,,
Figure C.2 Coil (source: GridOto.com),,,,,,,,
,,,,,,,,
combination spanner (n)                                                                                                                                                                                                                                                                                                                             /ˌkɒm.bɪˈneɪ.ʃən ˈspæn.ər/,,,,,kunci pas-ring,,kunci kombinasi ring-pas,
,,,,,,,,
,,,,,,,,
combustion chamber (n)                                                                                                                                                                                                                                                                                                                     /kəmˈbʌs.tʃən ˌtʃeɪm.bər/,,,,,ruang bakar,,ruang bakar,
,,,,,,,,
,,,,,,,,
compressor (n)                                                                                                                                                                                                                                                                                                                                  /kəmˈpres.ər/,,,,,kompresor,,kompresor,
,,,,,,,,
,,,,,,,,
connecting rod (n)                                                                                                                                                                                                                                                                                                                                      /kəˈnektɪŋ rɒd/,,,,,batang torak,,engkol,
,,,,,,,,
,,,,,,,,
Continuous Fuel Injection (CFI) (n)                                                                                                                                                                                                                                                                                          /kənˈtɪn.ju.əs ˈfjʊəl ɪnˌdʒek.ʃən/,,,,,injeksi bahan bakar berkesinambungan,,semprotan bahan bakar terus menerus,
,,,,,,,,
,,,,,,,,
continuous trap oxidizer (n)                                                                                                                                                                                                                                                                                                           /kənˈtɪn.ju.əs træp ˈɒk.sɪ.daɪz.ər/,,,,,perangkap oksidasi berkesinambungan,,udara yang terperangkap secara terus menerus,
,,,,,,,,
,,,,,,,,
condenser (n)                                                                                                                                                                                                                                                                                                                             /kənˈdensə(r)/,,,,,kondensator,,kapasitor,
,,,,,,,,
,,,,,,,,
connecting rod (n)                                                                                                                                                                                                                                                                                                                         /kəˈnek.tɪŋ ˌrɒd/,,,,,batang piston,,batang piston,
,,,,,,,,
,,,,,,,,
control valve (n)                                                                                                                                                                                                                                                                                                                                 /kənˈtrəʊl vælv/,,,,,kontrol katup,,kontrol katup,
,,,,,,,,
,,,,,,,,
coolant (n)                                                                                                                                                                                                                                                                                                                                                           /ˈkuː.lənt/,,,,,pendingn,,pendingin,
,,,,,,,,
,,,,,,,,
cooling system (n)                                                                                                                                                                                                                                                                                                                                 /kuːlɪŋ ˈsɪstəm/,,,,,sistem pendingin,,sistem pendingin,
,,,,,,,,
,,,,,,,,
coupling handle (n)                                                                                                                                                                                                                                                                                                                                    /ˈkʌplɪŋ ˈhændl/,,,,,pegangan kopling,,kacakan kopling,
,,,,,,,,
,,,,,,,,
cover headlamp (n)                                                                                                                                                                                                                                                                                                                                             / ˈkʌv.ər ˈhed.læmp/,,,,,penutup lampu depan,,totol,
,,,,,,,,
,,,,,,,,
crankcase (n)                                                                                                                                                                                                                                                                                                                                                /kræŋk keɪs/,,,,,"bak mesin, rumah mesin bak engkol mesin",,"bak engkol mesin, rumah mesin, bak poros engkol",
,,,,,,,,
,,,,,,,,
crankshaft (n)                                                                                                                                                                                                                                                                                                                                                      /ˈkræŋkʃɑːft /,,,,,poros engkol,,bandulan,
,,,,,,,,
,,,,,,,,
cylinder (n)                                                                                                                                                                                                                                                                                                                                                / ˈsɪlɪndə(r)/,,,,,silinder,,silinder,
,,,,,,,,
,,,,,,,,
cylinder block (n)                                                                                                                                                                                                                                                                                                                                            / ˈsɪlɪndə(r) blɒk/,,,,,blok silinder,,kas/ kop mesin,
,,,,,,,,
,,,,,,,,
cylinder head cover (n)                                                                                                                                                                                                                                                                                                                              /ˈsɪl.ɪn.dər hed ˈkʌv.ər/,,,,,tutup kepala silinder,,tutup kop,
,,,,,,,,
,,,,,,,,
cylinder head gasket (n)                                                                                                                                                                                                                                                                                                                                 /ˈsɪl.ɪn.dər hed ˈɡæs.kɪt/,,,,,gasket kepala silinder,,paking kop silinder,
,,,,,,,,
,,,,,,,,
cylinder bore (n)                                                                                                                                                                                                                                                                                                                                             / ˈsɪlɪndə(r) bɔː(r) /,,,,,batang silinder,,batang silinder,
,,,,,,,,
D,,,,,,,,
English,,,,,,Indonesia,Local,
damper (n)                                                                                                                                                                                                                                                                                                                                                          /ˈdæm.pər/,,,,,,peredam kejut,peredam sok,peredam sok
,,,,,,,,
,,,,,,,,
dashboard (n)                                                                                                                                                                                                                                                                                                                                                     /ˈdæʃ.bɔːd/,,,,,,dasbor,"dasbor, box muka","dasbor, box muka"
,,,,,,,,
,,,,,,,,
deceleration (n)                                                                                                                                                                                                                                                                                                                                               /ˌdiːˈsel.ər.eɪt/,,,,,,"perlambatan, penurun kecepatan",penurun kecepatan,penurun kecepatan
,,,,,,,,
,,,,,,,,
defogger (DFL) (n)                                                                                                                                                                                                                                                                                                                                            /ˌdiːˈfɒɡ.ər/,,,,,,pemantul cahaya,"penghangat kaca, belakang",penghangat kaca belakang
,,,,,,,,
,,,,,,,,
Department of Transportation (DOT)(n)                                                                                                                                                                                                                                                                           /dɪˈpɑːt.mənt əv træn.spɔːˈteɪ.ʃən/,,,,,,regulasi rem,regulasi rem,regulasi rem
,,,,,,,,
,,,,,,,,
detonation (n)                                                                                                                                                                                                                                                                                                                                                        /ˌdet.ənˈeɪ.ʃən/,,,,,,detonasi,ledakan sebelum,ledakan sebelum waktunya
,,,,,,,,
,,,,,,,,
Diagnostic Trouble Code (DTC) (n)                                                                                                                                                                                                                                                                                                           /ˌdaɪ.əɡˈnəʊ.stik ˈtrʌb.əl kəʊd/,,,,,,kode diagnose masalah,kode kerusakan,kode kerusakan
,,,,,,,,
,,,,,,,,
diesel fuel (n)                                                                                                                                                                                                                                                                                                                                                       /ˈdiːzl ˈfjuːəl/,,,,,,solar,solar,solar
,,,,,,,,
,,,,,,,,
"differential (n)                                                                                                                                                                                                                                                                                                                                     /,dɪfəˈrenʃl/",,,,,,gardan,gardan,gardan
,,,,,,,,
,,,,,,,,
,,,,,,,,
,,,,,,,,
,,,,,,,,
,,,,,,,,
,,,,,,,,
,,,,,,,,
,,,,,,,,
,,,,,,,,
Figure D.1 Differential (source:  amazon.com),,,,,,,,
,,,,,,,,
differential case (n)                                                                                                                                                                                                                                                                                                                                      /ˌdɪfəˈrenʃl  keɪs/,,,,,,pelindung gardan,pelindung gardan,pelindung gardan
,,,,,,,,
,,,,,,,,
diff lock (n)                                                                                                                                                                                                                                                                                                                                                    /dɪf lɒk/,,,,,,pengunci differential,double garden hidup/terhubung,double gardan hidup/terhubung
,,,,,,,,
,,,,,,,,
Digital Signal Processor (DSP) (n)                                                                                                                                                                                                                                                                                                           /ˈdɪdʒ.ɪ.təl ˈsɪɡ.nəl ˈprəʊ.ses.ər/,,,,,,pengolah signal digital,lampu mill,lampu mill
,,,,,,,,
,,,,,,,,
"dimmer switch (n)
/ˈdɪm.ə ˌswɪtʃ/",,,,,,sakelar peredup lampu,sakelar lampu jauh,sakelar lampu jauh
,,,,,,,,
,,,,,,,,
direct acting (n)                                                                                                                                                                                                                                                                                                                                               /daɪˈrekt ˈæk.tɪŋ/,,,,,,peredam kejut,peredam kejut,peredam kejut
,,,,,,,,
,,,,,,,,
Direct Current (DC) (n)                                                                                                                                                                                                                                                                                                                                  /ˌdaɪ.rekt ˈkʌr.ənt/,,,,,,arus listrik searah,arus listrik searah,arus listrik searah
,,,,,,,,
,,,,,,,,
Direct Fuel Injection (DFI) (n)                                                                                                                                                                                                                                                                                                         /daɪˈrekt ˈfjʊəl ɪnˌdʒek.ʃən/,,,,,,injeksi bahan bakar langsung,injeksi langsung,injeksi langsung
,,,,,,,,
,,,,,,,,
disk brake (n)                                                                                                                                                                                                                                                                                                                                              /dɪsk breɪk/,,,,,,rem cakram,piringan cakram,piringan cakram
,,,,,,,,
,,,,,,,,
Distributor Ignition (DI) (n)                                                                                                                                                                                                                                                                                                                 /dɪˈstrɪb.jə.tər ɪɡˈnɪʃ.ən/,,,,,,pengapian distributor,distributor pengapian,distributor pengapian
,,,,,,,,
,,,,,,,,
Distributorless Ignition (DLI) (n)                                                                                                                                                                                                                                                                                                  /dɪˈstrɪb.jə.tər  ləs ɪɡˈnɪʃ.ən/,,,,,,pengapian tanpa distributor,pengapian tanpa distributor,pengapian tanpa distributor
,,,,,,,,
,,,,,,,,
door handle (n)                                                                                                                                                                                                                                                                                                                                           /dɔːr ˈhæn.dəl/,,,,,,gagang pintu mobil,"engkol pintu, gagang pintu mobil",engkol pintu/ gagang pintu mobil
,,,,,,,,
,,,,,,,,
"door lock (n)
/dɔːr  lɒk/",,,,,,kunci pintu mobil,kunci pintu mobil,kunci pintu mobil
,,,,,,,,
,,,,,,,,
double hex socket (n)                                                                                                                                                                                                                                                                                                                                     /ˈdʌb.əl heks ˈsɒk.ɪt/,,,,,,kunci sok segi enam ganda,kunci sok segi enam ganda,kunci sok segi enam ganda
,,,,,,,,
,,,,,,,,
Double Overhead Camshaft (DOHC) (n) /ˈdʌb.əl ˈəʊ.və.hed ˈkæm.ʃɑːft/,,,,,,camshaft ganda dikepala silinder,noken as dobel kepala silinder,noken as dobel kepala silinder
,,,,,,,,
,,,,,,,,
down force (n)                                                                                                                                                                                                                                                                                                                                            /daʊn fɔːs/,,,,,,hambatan angin,tekanan angin ke bawah,tekanan angin ke bawah
,,,,,,,,
,,,,,,,,
drill (n)                                                                                                                                                                                                                                                                                                                                                                  / drɪl /,,,,,,bor,bor,bor
,,,,,,,,
,,,,,,,,
drive shaft (n)                                                                                                                                                                                                                                                                                                                                                 /ˈdraɪv ˌʃɑːft/,,,,,,poros penggerak,kopel,kopel
,,,,,,,,
,,,,,,,,
driving pulley (n)                                                                                                                                                                                                                                                                                                                                                                        /ˈdraɪ.vɪŋ ˈpʊl.i/,,,,,,puli depan,rumah roller,rumah roller
,,,,,,,,
,,,,,,,,
drum brake (n)                                                                                                                                                                                                                                                                                                                                                   /drʌm breɪk/,,,,,,tromel rem,tromol rem,tromel rem
,,,,,,,,
,,,,,,,,
dynotest (n)                                                                                                                                                                                                                                                                                                                                                      /dai·now test/,,,,,,tes kekuatan dapur pacu (mesin),pengukur torsi kendaraan,pengukur torsi kendaraan
,,,,,,,,
,,,,,,,,
E,,,,,,,,
English,,,,,,Indonesia,Local,
Electric Brake Force Distribution (EBD) (n)                                                                                                                                                                                                                                                                                   /iˈlek.trɪk breɪk fɔːs ˌdɪs.trɪˈbjuː.ʃən/,,,,,,distribusi tenaga rem secara elektrik,pembagi tenaga rem secara elektrik,pembagi tenaga rem secara elektrik
,,,,,,,,
,,,,,,,,
Electric Diesel Injection Control (EDIC) (n)                                                                                                                                                                                                                                                                                  /iˈlek.trɪk ˈdiː.zəl ɪnˈdʒek.ʃən,,,,,,pengontrol injeksi diesel secara elektrik,pengatur semprotan mesin diesel elektrik,pengatur semprotan mesin diesel elektrik
,,,,,,,,
,,,,,,,,
Electric Motor Power Steering (EMPS) (n)                                                                                                                                                                                                                                                                                     /iˈlek.trɪk ˈməʊ.tər ˌpaʊə ˈstɪə.rɪŋ/,,,,,,sistem pada roda kemudi motor listrik,power steering elektrik,power steering elektrik
,,,,,,,,
,,,,,,,,
Electronic Driving Unit (EDU) (n)                                                                                                                                                                                                                                                                                                      /ˌel.ekˈtrɒn.ɪk ˈdraɪ.vɪŋ ˈjuː.nɪt/,,,,,,unit pengendaraan elektronik,unit penggerak elektronik,unit penggerak elektronik
,,,,,,,,
,,,,,,,,
Electronic Fuel Injection (EFI) (n)                                                                                                                                                                                                                                                                                                           /ˌel.ekˈtrɒn.ɪk ˈfjʊəl ɪnˌdʒek.ʃən/,,,,,,injeksi bahan bakar elektronik,injeksi bahan bakar elektronik,injeksi bahan bakar elektronik
,,,,,,,,
,,,,,,,,
Electronic Ignition (EI) (n)                                                                                                                                                                                                                                                                                                                        /ˌel.ekˈtrɒn.ɪk ɪɡˈnɪʃ.ən/,,,,,,pengapian elektronik,pengapian elektrik,pengapian elektrik
,,,,,,,,
,,,,,,,,
Engine (ENG) (n)                                                                                                                                                                                                                                                                                                                                             /ˈen.dʒɪn/,,,,,,mesin,mesin,mesin
,,,,,,,,
,,,,,,,,
Engine Coolant Level (ECL) (n)                                                                                                                                                                                                                                                                                                                    /ˈen.dʒɪn ˈkuː.lənt ˈlev.əl/,,,,,,ketinggian cairan pendingin mesin,level air radiator,level air radiator
,,,,,,,,
,,,,,,,,
Engine Coolant Temperature (ECT) (n)                                                                                                                                                                                                                                                                                                    /ˈen.dʒɪn ˈkuː.lənt ˈtem.prə.tʃər/,,,,,,temperature cairan pendingin,suhu cairan pendingin,suhu cairan pendingin
,,,,,,,,
,,,,,,,,
engine cover (n)                                                                                                                                                                                                                                                                                                                                               /ˈendʒɪn ˈkʌvə(r)/,,,,,,penutup klep,penutup klep,penutup klep
,,,,,,,,
,,,,,,,,
exhaust (n)                                                                                                                                                                                                                                                                                                                                                 /ɪɡˈzɔːst/,,,,,,pembuangan,pembuangan,pembuangan
,,,,,,,,
,,,,,,,,
,,,,,,,,
,,,,,,,,
,,,,,,,,
,,,,,,,,
,,,,,,,,
,,,,,,,,
,,,,,,,,
,,,,,,,,
Figure E.1 Exhaust (source: otosia.com),,,,,,,,
,,,,,,,,
exhaust gas admission (n)                                                                                                                                                                                                                                                                                                                      /ɪɡˈzɔːst ɡæs ədˈmɪʃ.ən/ ,,,,,,jalan masuk gas buang,saluran masuk gas buang,saluran masuk gas buang
,,,,,,,,
,,,,,,,,
exhaust gas outflow (n)                                                                                                                                                                                                                                                                                                                                /ɪɡˈzɔːst ɡæs ˈaʊt.fləʊ/ ,,,,,,saluran keluar gas buang,aliran keluar gas buang,aliran keluar gas buang
,,,,,,,,
,,,,,,,,
exhaust brake (n)                                                                                                                                                                                                                                                                                                                                      /ɪɡˈzɔːst breɪk/,,,,,,rem knalpot,rem knalpot,rem knalpot
,,,,,,,,
,,,,,,,,
engine ECU (n)                                                                                                                                                                                                                                                                                                                                                   /ˈen.dʒɪn ˈek.juː/,,,,,,unit kontrol,sistem kontrol elektronik mesin,sistem kontrol elektronik mesin
,,,,,,,,
,,,,,,,,
engine hood (n)                                                                                                                                                                                                                                                                                                                                                   /ˈendʒɪn hʊd/,,,,,,penutup mesin,kop mesin,kop mesin
,,,,,,,,
,,,,,,,,
Evaporative Emission (EVAP)(n)                                                                                                                                                                                                                                                                                                     /ɪˈvæp.ər.eɪtiv iˈmɪʃ.ən/,,,,,,kontrol emisi penguapan,penguapan bensin,penguapan bensin
,,,,,,,,
,,,,,,,,
exhaust pipe (n)                                                                                                                                                                                                                                                                                                                                      /ɪɡˈzɔːst paɪp/,,,,,,pipa pembuangan,knalpot,knalpot
,,,,,,,,
,,,,,,,,
exhaust manifold (n)                                                                                                                                                                                                                                                                                                                                     /ɪɡˈzɔːst ˈmænɪfəʊld/,,,,,,saluran pembuangan,saluran buang,saluran buang
,,,,,,,,
,,,,,,,,
exhaust hose (n)                                                                                                                                                                                                                                                                                                                                     /ɪɡˈzɔːst həʊz/,,,,,,rumah pembuangan,tempat pembuangan,tempat pembuangan
,,,,,,,,
,,,,,,,,
"exhaust system(n)
/ ɪɡˈzɔːst ˈsɪs.təm/",,,,,,sistem pembuangan,sendalpot/senal pot,sendalpot/senalpot
,,,,,,,,
F,,,,,,,,
English,,,,,,Indonesia,Local,
fanbelt (n)                                                                                                                                                                                                                                                                                                                                                            /ˈfæn belt/,,,,,,karet penghubung,karet penghubung,
,,,,,,,,
,,,,,,,,
,,,,,,,,
,,,,,,,,
,,,,,,,,
,,,,,,,,
,,,,,,,,
,,,,,,,,
,,,,,,,,
,,,,,,,,
Figure F.1 Fanbelt (source: istockfhoto.com),,,,,,,,
,,,,,,,,
Fan Control (FC) (n)                                                                                                                                                                                                                                                                                                                                     /fæn kənˈtrəʊl/,,,,,,kipas,pengatur kipas,
,,,,,,,,
,,,,,,,,
flat out (v)                                                                                                                                                                                                                                                                                                                                                           /ˌflæt ˈaʊt/,,,,,,turun 2 gigi (x track),turun 2 gigi,
,,,,,,,,
,,,,,,,,
FlyWheel Damper (FW/D) (n)                                                                                                                                                                                                                                                                                                                       /ˈflaɪ.wiːl ˈdæm.pər/,,,,,,damper roda penerus,peredam roda gila,
,,,,,,,,
,,,,,,,,
fog warning lamp (n)                                                                                                                                                                                                                                                                                                                                    /fɒɡ ˈwɔː.nɪŋ læmp/,,,,,,lampu kabut belakang mobil,lampu kabut belakang,
,,,,,,,,
,,,,,,,,
footrest (n)                                                                                                                                                                                                                                                                                                                                                              /fʊt rest/,,,,,,pijakan kaki mobil,pijakan kaki,
,,,,,,,,
,,,,,,,,
fork (n)                                                                                                                                                                                                                                                                                                                                                                 /fɔːk/,,,,,,sok depan,sok muka,
,,,,,,,,
,,,,,,,,
final gear (n)                                                                                                                                                                                                                                                                                                                                                           /ˈfaɪnl ɡɪə®/,,,,,,penerus gear,penerus gear,
,,,,,,,,
,,,,,,,,
file (n)                                                                                                                                                                                                                                                                                                                                                                  /faɪl/,,,,,,kikir,kikir,
,,,,,,,,
,,,,,,,,
float chamber (n)                                                                                                                                                                                                                                                                                                                                               /fləʊt ˈtʃeɪmbə®/,,,,,,mangkok karburator,mangkok karburator,
,,,,,,,,
,,,,,,,,
"floater valve (n)
/ ˈfləʊtə® vælv/",,,,,,klep pelampung,klep pelampung,
,,,,,,,,
,,,,,,,,
floodlight (n)                                                                                                                                                                                                                                                                                                                                                       /ˈflʌdlaɪt/,,,,,,lampu sorot,lampu sorot,
,,,,,,,,
,,,,,,,,
flywheel dynamo (n)                                                                                                                                                                                                                                                                                                                                           /ˈflaɪwiːl ˈdaɪnəməʊ/,,,,,,roda gigi,roda gigi,
,,,,,,,,
,,,,,,,,
"flywheell pump (n)
/ˈflaɪwiːl pʌmp/",,,,,,pompa roda gigi,pompa roda gigi,
,,,,,,,,
,,,,,,,,
flywheel seat (n)                                                                                                                                                                                                                                                                                                                                                  /ˈflaɪwiːl siːt/,,,,,,dudukan roda gaya,rumahan roda gila,
,,,,,,,,
,,,,,,,,
flywheel (n)                                                                                                                                                                                                                                                                                                                                                        /ˈflaɪwiːl/,,,,,,roda penerus,roda gila,
,,,,,,,,
,,,,,,,,
footbrake (n)                                                                                                                                                                                                                                                                                                                                                        /ˈfʊtbreɪk/,,,,,,"pedal rem, rem kaki",rem kaki,
,,,,,,,,
,,,,,,,,
flywheell pump (n)                                                                                                                                                                                                                                                                                                                                                   /ˈflaɪwiːl pʌmp/,,,,,,pompa roda gigi,pompa roda gigi,
,,,,,,,,
,,,,,,,,
frame (n)                                                                                                                                                                                                                                                                                                                                                           /freɪm/,,,,,,rangka,Rangka,
,,,,,,,,
,,,,,,,,
freon 12 (n)                                                                                                                                                                                                                                                                                                                                                          /ˈfriɒn/,,,,,,zat pendingin fluorokarbon,freon,
,,,,,,,,
,,,,,,,,
front pipe (n)                                                                                                                                                                                                                                                                                                                                                     /frʌnt paɪp/,,,,,,pipa buang bagian depan,pipa pembuangan depan,
,,,,,,,,
,,,,,,,,
front seat (n)                                                                                                                                                                                                                                                                                                                                                   /frʌnt siːt/,,,,,,jok depan,jok depan,
,,,,,,,,
,,,,,,,,
"Front-Wheel-Drive (FWD) (n)
/ˌfrʌnt.wiːl ˈdraɪv/",,,,,,"penggerak roda depan unit, pengendaraan elektronik",mobil penggerak depan,
,,,,,,,,
,,,,,,,,
"fuel filter (n)
/ˈfjuː.əl ˈfɪltər/",,,,,,saringan bahan bakar,saringan bensin,
,,,,,,,,
,,,,,,,,
"fuel gauge (n)
/ˈfjuːəl ɡeɪdʒ/",,,,,,meteran bensin,meteran bensin,
,,,,,,,,
,,,,,,,,
fuel injection (n)                                                                                                                                                                                                                                                                                                                                               /ˈfjʊəl ɪnˌdʒek.ʃən/,,,,,,injeksi bahan bakar,Injeksi bahan bakar,
,,,,,,,,
,,,,,,,,
fuel pressure gauge(n)                                                                                                                                                                                                                                                                                                                                  /ˈfjuːəl ˈpreʃə® ɡeɪdʒ/,,,,,,pengukur tekanan bahan bakar,pengukur tekanan bahan bakar,
,,,,,,,,
,,,,,,,,
fuel pump (n)                                                                                                                                                                                                                                                                                                                                                         /ˈfjuːəl pʌmp/,,,,,,pompa bahan bakar,pompa minyak,
,,,,,,,,
,,,,,,,,
fuel pump belt (n)                                                                                                                                                                                                                                                                                                                                                        /ˈfjuː.əl pʌmp belt/,,,,,,sabuk pompa bahan bakar,kunci filter bensin,
,,,,,,,,
,,,,,,,,
fuel storage (n)                                                                                                                                                                                                                                                                                                                                                       /ˈfjuːəl ˈstɔːrɪdʒ/,,,,,,ruang simpan bahan bakar,penyimpanan bahan bakar,
,,,,,,,,
,,,,,,,,
fuse (n)                                                                                                                                                                                                                                                                                                                                                                  /fjuːz/,,,,,,sekering,sekering,
,,,,,,,,
G,,,,,,,,
English,,,,,,Indonesia,Local,
gasoline (GAS) (n)                                                                                                                                                                                                                                                                                                                                               /ˈɡæs.əl.iːn/,,,,,,bensin,bensin,
,,,,,,,,
,,,,,,,,
gasoline pump (n)                                                                                                                                                                                                                                                                                                                                              /ˈɡæs.əl.iːn pʌmp/,,,,,,pompa bensin,pompa bensin,
,,,,,,,,
,,,,,,,,
gear (n)                                                                                                                                                                                                                                                                                                                                                              /ɡɪə(r)/,,,,,,gir,gir,
,,,,,,,,
,,,,,,,,
,,,,,,,,
,,,,,,,,
,,,,,,,,
,,,,,,,,
,,,,,,,,
,,,,,,,,
,,,,,,,,
,,,,,,,,
Figure G.1 Gear (source: pinterest.com),,,,,,,,
,,,,,,,,
gearbox (n)                                                                                                                                                                                                                                                                                                                                                     /ˈɡɪə.bɒks/,,,,,,sistem roda gigi,girboks,
,,,,,,,,
,,,,,,,,
glass wiper arm (n)                                                                                                                                                                                                                                                                                                                                    /ɡlɑːs ˈwaɪpə(r) ɑːm/,,,,,,lengan Pembersih kaca,batang pembersih kaca,
,,,,,,,,
,,,,,,,,
glove (n)                                                                                                                                                                                                                                                                                                                                                              /ɡlʌv/,,,,,,sarung tangan,sarung tangan,
,,,,,,,,
,,,,,,,,
"goggles (n)
/ˈɡɒɡ.əlz/",,,,,,pelindung mata,kacamata teknik,
,,,,,,,,
,,,,,,,,
grinder (n)                                                                                                                                                                                                                                                                                                                                                                                                                                               /ˈɡraɪndə®/,,,,,,gerinda,gurinda,
,,,,,,,,
,,,,,,,,
grinding (n)                                                                                                                                                                                                                                                                                                                                                              /ˈɡraɪndɪŋ/,,,,,,pengasahan,pengasahan,
,,,,,,,,
,,,,,,,,
"grip (n)
/ɡrɪp/",,,,,,gigitan ban,cengkraman ban,
,,,,,,,,
,,,,,,,,
glow spark (n)                                                                                                                                                                                                                                                                                                                                                                                                                                                       /ɡləʊ spɑːk/,,,,,,pemanas,busi pijar,
,,,,,,,,
,,,,,,,,
grooved tyred (n)                                                                                                                                                                                                                                                                                                                                        /ɡruːvd taɪərd/,,,,,,ban bertelapak kembang,alur ban,
,,,,,,,,
,,,,,,,,
H,,,,,,,,
English,,,,,,Indonesia,Local,
hacksaw (n)                                                                                                                                                                                                                                                                                                                                                          /ˈhæksɔː/,,,,,,gergaji besi,gergaji wasi,
,,,,,,,,
,,,,,,,,
,,,,,,,,
,,,,,,,,
,,,,,,,,
,,,,,,,,
,,,,,,,,
,,,,,,,,
,,,,,,,,
,,,,,,,,
Figure H.1 Hacksaw (source: amazon.com),,,,,,,,
,,,,,,,,
halogen lamp (n)                                                                                                                                                                                                                                                                                                                                                /ˈhæl.ə.dʒen ˌlæmp/,,,,,,lampu halogen,lampu pijar,
,,,,,,,,
,,,,,,,,
hammer (n)                                                                                                                                                                                                                                                                                                                                                             /ˈhæmə(r)/,,,,,,palu,tukul,
,,,,,,,,
,,,,,,,,
handle (n)                                                                                                                                                                                                                                                                                                                                                         /ˈhændl/,,,,,,setang,setang,
,,,,,,,,
,,,,,,,,
hand tools (n)                                                                                                                                                                                                                                                                                                                                                   /hænd tuːls/,,,,,,alat tangan,alat tangan,
,,,,,,,,
,,,,,,,,
handgrip (n)                                                                                                                                                                                                                                                                                                                                                                   /ˈhændɡrɪp/,,,,,,pegangan tangan,sarung gas,
,,,,,,,,
,,,,,,,,
head lamp (n)                                                                                                                                                                                                                                                                                                                                                    /ˈhedlæmp/,,,,,,lampu depan,kepala lampu,
,,,,,,,,
,,,,,,,,
head cylinder (n)                                                                                                                                                                                                                                                                                                                                             /hed ˈsɪlɪndə(r)/,,,,,,kepala silinder,blok kop,
,,,,,,,,
,,,,,,,,
header-back (n)                                                                                                                                                                                                                                                                                                                                                 /ˈhed.ər bæk/,,,,,,sundulan kembali,sundulan kembali,sundulan kembali
,,,,,,,,
,,,,,,,,
headrest (n)                                                                                                                                                                                                                                                                                                                                                        /ˈhed.rest/,,,,,,pengekang kepala,sandaran,sandaran kepala
,,,,,,,,
,,,,,,,,
helmet (n)                                                                                                                                                                                                                                                                                                                                                                                       /ˈhelmɪt/,,,,,,helm,helm,
,,,,,,,,
,,,,,,,,
horn (n)                                                                                                                                                                                                                                                                                                                                                             /hɔːn/,,,,,,klakson,klakson,
,,,,,,,,
,,,,,,,,
hose (n)                                                                                                                                                                                                                                                                                                                                                          /həʊz/,,,,,,selang,selang tekanan tinggi,
,,,,,,,,
,,,,,,,,
hydraulic (n)                                                                                                                                                                                                                                                                                                                                        /haɪˈdrɒlɪk/,,,,,,hidrolik,hidrolik,
,,,,,,,,
,,,,,,,,
hydrolic supply (n)                                                                                                                                                                                                                                                                                                                                 /haɪˈdrɒlɪk səˈplaɪ/,,,,,,pasokan hidrolik,pasokan hidrolik,pasokan hidrolik
,,,,,,,,
I,,,,,,,,
English,,,,,Indonesia,,Local,
idling system (n)                                                                                                                                                                                                                                                                                                                                                                                                                                                               /ˈaɪ.dlɪŋ ˈsɪs.təm/,,,,,sistem start off engine secara otomatis,,sistem start off engine secara otomatis,
,,,,,,,,
,,,,,,,,
"immobilizer (n)
/ɪˈməʊ.bəl.aɪ.zər/",,,,,pengamanan pada kendaraan,,perangkat untuk kunci asli,
,,,,,,,,
,,,,,,,,
indirect injection (n)                                                                                                                                                                                                                                                                                                                                       /ˌɪn.daɪˈrekt,,,,,injeksi tidak langsung,,injeksi tidak langsung,
,,,,,,,,
,,,,,,,,
ignition coil (n)                                                                                                                                                                                                                                                                                                                                       /ɪɡˈnɪʃn kɔɪl/,,,,,"kumparan, pengapian",,spul,
,,,,,,,,
,,,,,,,,
,,,,,,,,
,,,,,,,,
,,,,,,,,
,,,,,,,,
,,,,,,,,
,,,,,,,,
,,,,,,,,
,,,,,,,,
Figure I.1 Ignition coil (source: autoexpose.org),,,,,,,,
,,,,,,,,
injection (n)                                                                                                                                                                                                                                                                                                                                     /ɪnˈdʒek.ʃən/,,,,,proses injeksi,,injeksi/semprotan,
,,,,,,,,
,,,,,,,,
inlet valve (n)                                                                                                                                                                                                                                                                                                                                                         /ˈɪn.let vælv/,,,,,katup pemasukan,,katup isap,
,,,,,,,,
,,,,,,,,
inner tube (n)                                                                                                                                                                                                                                                                                                                                                                  /ˈɪnə(r) tjuːb /,,,,,ban dalam,,ucus ban,
,,,,,,,,
,,,,,,,,
Inspection (n)                                                                                                                                                                                                                                                                                                                                          /ɪnˈspekʃn/,,,,,pemeriksaan,,pemeriksaan,
,,,,,,,,
,,,,,,,,
intake manifold (n)                                                                                                                                                                                                                                                                                                                                                                                                                                                                                                                                                                                                                         /ˈɪnteɪkˈmænɪfəʊld/,,,,,saluran masuk bahan bakar,,leher angsa,
,,,,,,,,
,,,,,,,,
intake port (n)                                                                                                                                                                                                                                                                                                                                                                                                                    /ˈɪnteɪk pɔːt /,,,,,saluran masuk,,saluran masuk,
,,,,,,,,
,,,,,,,,
iron bar (n)                                                                                                                                                                                                                                                                                                                                                            /ˈaɪən bɑː(r)/,,,,,jeruji roda,,jeruji roda,
,,,,,,,,
J,,,,,,,,
English,,,,,,Indonesia,Local,
jack stand (n)                                                                                                                                                                                                                                                                                                                                                                            /dʒæk stænd/,,,,,,dongkrak,dongkrak,
,,,,,,,,
,,,,,,,,
,,,,,,,,
,,,,,,,,
,,,,,,,,
,,,,,,,,
,,,,,,,,
,,,,,,,,
,,,,,,,,
,,,,,,,,
Figure J.1 Jack stand (source: mactools.com),,,,,,,,
,,,,,,,,
joint (n)                                                                                                                                                                                                                                                                                                                                                              /dʒɔɪnt/,,,,,,penghubung,join,
,,,,,,,,
,,,,,,,,
jounce (n)                                                                                                                                                                                                                                                                                                                                                          /jowns/,,,,,,lompatan dari suspensi,lompatan ke muka dari suspensi,
,,,,,,,,
K,,,,,,,,
English,,,,,,Indonesia,Local,
kick stand (n)                                                                                                                                                                                                                                                                                                                                                                   /ˈkɪkstænd/,,,,,,standar motor,standar motor,
,,,,,,,,
,,,,,,,,
"kick starter (n)
/ˈkɪk stɑːtə(r)/",,,,,,starter injak/ manual,"slenger, engkol",
,,,,,,,,
,,,,,,,,
,,,,,,,,
,,,,,,,,
,,,,,,,,
,,,,,,,,
,,,,,,,,
,,,,,,,,
,,,,,,,,
,,,,,,,,
Figure K.1 Kick starter (source: GridOto.com),,,,,,,,
,,,,,,,,
knocking (n),,,,,,waktu,ketukan,
/nɒk ɪŋ/,,,,,,pembakaran,,
,,,,,,tertunda yang,,
,,,,,,panjang,,
L,,,,,,,,
English,,,,,,Indonesia,Local,
lamp (n)                                                                                                                                                                                                                                                                                                                                                                  /læmp/,,,,,,lampu,lampu,
,,,,,,,,
,,,,,,,,
leaf spring (n)                                                                                                                                                                                                                                                                                                                                                                                                    /liːf sprɪŋ/,,,,,,pegas daun,per daun,
,,,,,,,,
,,,,,,,,
,,,,,,,,
,,,,,,,,
,,,,,,,,
,,,,,,,,
,,,,,,,,
,,,,,,,,
,,,,,,,,
,,,,,,,,
Figure L.1 Leaf spring (source: Springworks.com),,,,,,,,
,,,,,,,,
left turn signal (n)                                                                                                                                                                                                                                                                                                                                       /left tɜːn ˈsɪɡnəl /,,,,,,lampu sein kiri,lampu sein kiri,
,,,,,,,,
,,,,,,,,
license plate (n)                                                                                                                                                                                                                                                                                                                                                    /ˈlaɪsns pleɪt/,,,,,,plat nomor,plat nomor,
,,,,,,,,
,,,,,,,,
liquid (n)                                                                                                                                                                                                                                                                                                                                                              /ˈlɪkwɪd ˈluːbrɪkənt ɔɪl/,,,,,,cairan,likuit,
,,,,,,,,
,,,,,,,,
"lubricant oil (n)
/ ˈluːbrɪkənt ɔɪl /",,,,,,minyak pelumas,minyak pelumas,
,,,,,,,,
M,,,,,,,,
English,,,,,,Indonesia,Local,
maintenance (n)                                                                                                                                                                                                                                                                                                                                               /ˈmeɪntənəns/,,,,,,perawatan,perawatan,
,,,,,,,,
,,,,,,,,
magnetic starter (n)                                                                                                                                                                                                                                                                                                                                     /mæɡˈnetɪk ˈstɑːtə(r) /,,,,,,starter magnetik,bendik,
,,,,,,,,
,,,,,,,,
monkey wrench (n)                                                                                                                                                                                                                                                                                                                                                   /ˈmʌŋ.ki ˌrentʃ/,,,,,,kunci pipa,kunci pipa,
,,,,,,,,
,,,,,,,,
motor propeller (n)                                                                                                                                                                                                                                                                                                                                  /ˈməʊtə(r) prəˈpelə(r)/,,,,,,baling baling motor,kipas,
,,,,,,,,
,,,,,,,,
muffler (n)                                                                                                                                                                                                                                                                                                                                                      /ˈmʌf.lər/,,,,,,peredam,peredam bising,
,,,,,,,,
,,,,,,,,
,,,,,,,,
,,,,,,,,
,,,,,,,,
,,,,,,,,
,,,,,,,,
,,,,,,,,
,,,,,,,,
,,,,,,,,
Figure M.1 Muffler (source: otopedia.com),,,,,,,,
N,,,,,,,,
English,,,,,,Indonesia,Local,
nail hammer (n)                                                                                                                                                                                                                                                                                                                                         /neɪl ˈhæm.ər/,,,,,,palu paku,tukul paku,
,,,,,,,,
,,,,,,,,
nut (n)                                                                                                                                                                                                                                                                                                                                                          /nʌt/,,,,,,mur,mur,
,,,,,,,,
,,,,,,,,
,,,,,,,,
,,,,,,,,
,,,,,,,,
,,,,,,,,
,,,,,,,,
,,,,,,,,
,,,,,,,,
,,,,,,,,
Figure N.1 Nut (source: amazon.com),,,,,,,,
,,,,,,,,
number plate (n)                                                                                                                                                                                                                                                                                                                                                   /ˈnʌmbə(r) pleɪt/,,,,,,plat nomor,plat nomor,
,,,,,,,,
O,,,,,,,,
English,,,,,,Indonesia,Local,
offset ring spanner (n)                                                                                                                                                                                                                                                                                                                                         /ˌɒfˈset rɪŋ ˈspæn.ər/,,,,,,kunci ring,kunci ring,
,,,,,,,,
,,,,,,,,
oil (n)                                                                                                                                                                                                                                                                                                                                                                          /ɔɪl/,,,,,,oli,oli,oli
,,,,,,,,
,,,,,,,,
oil pump (n)                                                                                                                                                                                                                                                                                                                                                                                  /ɔɪl pʌmp/,,,,,,pompa oli,pompa oli,
,,,,,,,,
,,,,,,,,
oil seal (n)                                                                                                                                                                                                                                                                                                                                                          /ɔɪl siːl/,,,,,,segel minyak,segel minyak,
,,,,,,,,
,,,,,,,,
oil pan (n)                                                                                                                                                                                                                                                                                                                                                           /ˈɔɪl pæn/,,,,,,bak oli,bak oli,
,,,,,,,,
,,,,,,,,
open end spanner (n)                                                                                                                                                                                                                                                                                                                                           /open end ˈspæn.ər/,,,,,,kunci pas,kunci pas,
,,,,,,,,
,,,,,,,,
,,,,,,,,
,,,,,,,,
,,,,,,,,
,,,,,,,,
,,,,,,,,
,,,,,,,,
,,,,,,,,
,,,,,,,,
Figure O.1 Open end spanner (source: GridOto.com),,,,,,,,
,,,,,,,,
Original Equipment Manufacturing (OEM) (n)                                                                                                                                                                                                                                                                                                                                        /əˈrɪdʒ.ən.əl ɪˈkwɪp.məntˌmæn.jəˈf æk.tʃə.r ɪŋ/,,,,,,peralatan asli pabrik,sparepart asli pabrik,
,,,,,,,,
,,,,,,,,
outside mirror (n)                                                                                                                                                                                                                                                                                                                                                         /ˌaʊtˈsaɪd ˈmɪr.ər/,,,,,,kaca spion mobil,spion luar mobil,
,,,,,,,,
,,,,,,,,
"Overall Height (OH) (n)
/ˌəʊ.vəˈrɔːl haɪt/",,,,,,tinggi kendaraan diukur dalam kondisi tanpa beban,tinggi kendaraan saat kosong,
,,,,,,,,
,,,,,,,,
Overall Length (OL) (n)                                                                                                                                                                                                                                                                                                                                  /ˌəʊ.vəˈrɔːl leŋθ/,,,,,,panjang keseluruhan kendaraan termasuk bumper,panjang total kendaraan,
,,,,,,,,
,,,,,,,,
Overall Width (OW) (n)                                                                                                                                                                                                                                                                                                                                 /ˌəʊ.vəˈrɔːl wɪtθ/,,,,,,"lebar kendaraan termasuk bumper, molding, tonjolan dan lain-lain",lebar total kendaraan,
,,,,,,,,
,,,,,,,,
overdrive (n)                                                                                                                                                                                                                                                                                                                                                       /ˈəʊ.və.draɪv/,,,,,,"pergerakan lebih, pengendaraan",pengendali gigi matik dalam,
,,,,,,,,
,,,,,,,,
Overhead Camshaft (OHC) (n)                                                                                                                                                                                                                                                                                                                      /ˈəʊ.və.hed ˈkæm.ʃɑːft/,,,,,,camshaft diatas kepala silinder,noken as di atas kepala silinder,
,,,,,,,,
,,,,,,,,
Oversize (O/S) (n)                                                                                                                                                                                                                                                                                                                                                  /ˈəʊ.və.saɪz/,,,,,,ukuran lebih besar,ukuran di atas standar,
,,,,,,,,
,,,,,,,,
Oxygen Sensor (O2S) (n)                                                                                                                                                                                                                                                                                                                                                                 /ˈɒk.sɪ.dʒən ˈsen.sər/,,,,,,sensor oksigen,sensor oksigen,
,,,,,,,,
P,,,,,,,,
English,,,,,,Indonesia,Local,
pack (n)                                                                                                                                                                                                                                                                                                                                                           /pæk/,,,,,,plat pembungkus,plat pembungkus,plat pembungkus
,,,,,,,,
,,,,,,,,
packing (n)                                                                                                                                                                                                                                                                                                                                                                              /pækɪŋ/,,,,,,pembungkus,paking,
,,,,,,,,
,,,,,,,,
philips Screwdriver (n)                                                                                                                                                                                                                                                                                                                                                            /fɪlɪps ˈskruːˌdraɪ.vər/,,,,,,obeng pipih,obeng pipih,obeng pipih
,,,,,,,,
,,,,,,,,
piston pin (n)                                                                                                                                                                                                                                                                                                                                                     /ˈpɪstən pɪn/,,,,,,pin piston,pin piston,pin piston
,,,,,,,,
,,,,,,,,
piston (n)                                                                                                                                                                                                                                                                                                                                                            /ˈpɪstən/,,,,,,piston,piston,piston
,,,,,,,,
,,,,,,,,
,,,,,,,,
,,,,,,,,
,,,,,,,,
,,,,,,,,
,,,,,,,,
,,,,,,,,
,,,,,,,,
,,,,,,,,
Figure P.1 Piston (source: GridOto.com),,,,,,,,
,,,,,,,,
"piston cooling (n)
/ ˈpɪstən ˈkuːlɪŋ/",,,,,,penyejuk torak,pendingin piston,
,,,,,,,,
,,,,,,,,
plate number (n)                                                                                                                                                                                                                                                                                                                                                /pleɪt ˈnʌmbə(r) /,,,,,,plat nomor,pelat nomor,plat nomor
,,,,,,,,
,,,,,,,,
"Power Steering (Ps) (n)
/ˌpaʊə ˈstɪə.rɪŋ/",,,,,,sistem penggerak setir,power steering,
,,,,,,,,
,,,,,,,,
"pressure gauge (n)
/ˈpreʃ.ər  ɡeɪdʒ/",,,,,,pengukuran tekanan,pengukur tekanan,
,,,,,,,,
,,,,,,,,
pulley (n)                                                                                                                                                                                                                                                                                                                                                                     /ˈpʊli/,,,,,,puli,puli,puli
,,,,,,,,
,,,,,,,,
push rod (n)                                                                                                                                                                                                                                                                                                                                                                                        /pʊʃ rɒd/,,,,,,batang pendorong,batang pendorong,batang pendorong
,,,,,,,,
,,,,,,,,
putty (n)                                                                                                                                                                                                                                                                                                                                                                        /ˈpʌt.i/,,,,,,dempul,dempul,
,,,,,,,,
Q,,,,,,,,
English,,,,,,Indonesia,Local,
quenching (n)                                                                                                                                                                                                                                                                                                                                                                /kwentʃiŋ/,,,,,,perendaman,becelupan,
,,,,,,,,
,,,,,,,,
R,,,,,,,,
English,,,,,,Indonesia,Local,
rack pinion (n)                                                                                                                                                                                                                                                                                                                                                         /ˌræk ən ˈpɪnjən/,,,,,,rak pinion,manuk bebek,
,,,,,,,,
,,,,,,,,
radiator (n)                                                                                                                                                                                                                                                                                                                                                           /ˈreɪdieɪtə(r)/,,,,,,radiator,radiator,
,,,,,,,,
,,,,,,,,
radiator coolant (n)                                                                                                                                                                                                                                                                                                                                                    /ˈreɪdieɪtə® ˈkuːlənt/,,,,,,air radiator,air radiator,
,,,,,,,,
,,,,,,,,
radiator grill (n)                                                                                                                                                                                                                                                                                                                                                      /ˈreɪdieɪtə(r) ɡrɪl/,,,,,,terali radiator,"pengaman radiator, sirip",
,,,,,,,,
,,,,,,,,
radiator hose (n)                                                                                                                                                                                                                                                                                                                                                   /ˈreɪdieɪtə(r) həʊz/,,,,,,pipa radiator,pipa radiator,
,,,,,,,,
,,,,,,,,
Read-Only Memory (ROM) (n)                                                                                                                                                                                                                                                                                                                /riːd ˈəʊn.li ˈmem.ər.i/,,,,,,memori yang hanya bisa dibaca,memori internal,
,,,,,,,,
,,,,,,,,
rear (n)                                                                                                                                                                                                                                                                                                                                                                                                                                                                                                                                                          /rɪər/,,,,,,belakang,belakang,
,,,,,,,,
,,,,,,,,
"rear light (n)
/ rɪə(r) laɪt/",,,,,,lampu belakang,lampu belakang,
,,,,,,,,
,,,,,,,,
"rear spoiler (n)
ˈspɔɪ.lər/",,,,,,sayap yang menempel di bodi,sayap belakang mobil,
,,,,,,,,
,,,,,,,,
rear-view mirror (n)                                                                                                                                                                                                                                                                                                                                        /ˌrɪə vjuː ˈmɪrə(r)/,,,,,,kaca spion,kaca spion,
,,,,,,,,
,,,,,,,,
,,,,,,,,
,,,,,,,,
,,,,,,,,
,,,,,,,,
,,,,,,,,
,,,,,,,,
,,,,,,,,
,,,,,,,,
Figure R.1 Rear-view mirror (source: istockphoto.com),,,,,,,,
,,,,,,,,
Rear Wheel Drive (RWD) (n)                                                                                                                                                                                                                                                                                                                                                                                                                                                                                 /rɪər .wiːl ˈdraɪv/,,,,,,penggerak roda belakang,penggerak roda belakang,
,,,,,,,,
,,,,,,,,
"rear window (n)
/ˈwɪn.dəʊ/",,,,,,jendela belakang mobil,jendela belakang,
,,,,,,,,
,,,,,,,,
Relay Block (R/B) (n)                                                                                                                                                                                                                                                                                                                                          /ˌrɪˈleɪ blɒk/,,,,,,kotak relay,box relay,
,,,,,,,,
,,,,,,,,
release bearing (n)                                                                                                                                                                                                                                                                                                                                                                                                                                                                             /rɪˈliːs ˈbeə.rɪŋ/,,,,,,bantalan rilis,drek laker,
,,,,,,,,
,,,,,,,,
release fork (n)                                                                                                                                                                                                                                                                                                                                                           /rɪˈliːs fɔːk/,,,,,,garpu rilis,cakaran,
,,,,,,,,
,,,,,,,,
resistor (n)                                                                                                                                                                                                                                                                                                                                                                          /rɪˈzɪs.tər/,,,,,,resistor,resistor,
,,,,,,,,
,,,,,,,,
rotary (n)                                                                                                                                                                                                                                                                                                                                                                                                                                                  /ˈrəʊ.tər.i/,,,,,,putaran,doritos,
,,,,,,,,
,,,,,,,,
retreat light (n)                                                                                                                                                                                            / rɪˈtriːt laɪt/,,,,,,lampu mundur,lampu mundur,
,,,,,,,,
,,,,,,,,
Right Hand Drive (RHD) (n)                                                                                                                                                                                                                                                                                                                        /ˌraɪt.hænd ˈdraɪv/,,,,,,pengendalian tangan kanan atau kemudi sebelah kanan,setir kanan,
,,,,,,,,
,,,,,,,,
rim (n)                                                                                                                                                                                                                                                                                                                                                                              /rɪm/,,,,,,pelek,pelek,
,,,,,,,,
,,,,,,,,
ring piston (n)                                                                                                                                                                                                                                                                                                                                                    /rɪŋ ˈpɪstən/,,,,,,cincin torak,"cincin torak, ring seher",
,,,,,,,,
,,,,,,,,
rocker arm (n)                                                                                                                                                                                                                                                                                                                                                          /ˈrɒkə(r) ɑːm/,,,,,,"tuas katup, batang penumbuk","tuas katup, pelatuk.",
,,,,,,,,
,,,,,,,,
round bearing (n)                                                                                                                                                                                                                                                                                                                                                      /raʊnd ˈbeə.rɪŋ/,,,,,,bantalan bulat,metal jalan,
,,,,,,,,
,,,,,,,,
Round Per Minute (RPM) (n)                                                                                                                                                                                                                                                                                                                                                                              /raʊnd pɜːr ˈmɪn.ɪt/,,,,,,kecepatan putaran mesin,kecepatan putaran mesin,
,,,,,,,,
,,,,,,,,
roller (n)                                                                                                                                                                                                                                                                                                                                                               /ˈrəʊ.lər/,,,,,,Rol,rol,
,,,,,,,,
,,,,,,,,
roller brush (n)                                                                                                                                                                                                                                                                                                                                                  /ˈrəʊ.lər brʌʃ/,,,,,,kuas rol,kuas rol,
,,,,,,,,
,,,,,,,,
rubber damper (n)                                                                                                                                                                                                                                                                                                                                            /ˈrʌbə(r) ˈdæmpə(r)/,,,,,,karet peredam,karet kaki-kaki,
,,,,,,,,
S,,,,,,,,
English,,,,,,Indonesia,Local,
sandpaper (n)                                                                                                                                                                                                                                                                                                                                                          /ˈsændˌpeɪ.pər/,,,,,,kertas amplas,kertas pasir,
,,,,,,,,
,,,,,,,,
Scan Tool (ST) (n)                                                                                                                                                                                                                                                                                      /skæn tuːl/,,,,,,alat scan,alat diagnose,
,,,,,,,,
,,,,,,,,
scraper (n)                                                                                                                                                                                                                                                                                                                                                         / ˈskreɪpə(r) /,,,,,,pengkikis,pengkikis,
,,,,,,,,
,,,,,,,,
screwdriver (n)                                                                                                                                                                                                                                                                                                                                                                                                                                                                             /ˈskruːdraɪvə(r)/,,,,,,obeng,obeng,
,,,,,,,,
,,,,,,,,
,,,,,,,,
,,,,,,,,
,,,,,,,,
,,,,,,,,
,,,,,,,,
,,,,,,,,
,,,,,,,,
,,,,,,,,
Figure S.1 Screwdriver (source: nytimes.com),,,,,,,,
,,,,,,,,
scrutineering (n)                                                                                                                                                                                                                                                                                                                                               /ˌskruː.tɪˈnɪərɪŋ/,,,,,,pemeriksaan kendaraan secara menyeluruh,pemeriksaan kendaraan secara menyeluruh,
,,,,,,,,
,,,,,,,,
seat (n)                                                                                                                                                                                                                                                                                                                                                  /siːt/,,,,,,jok,jok,
,,,,,,,,
,,,,,,,,
separator (n)                                                                                                                                                                                                                                                                                                                                                       /ˈsep.ər.ətər/,,,,,,komponen pemisah zat air dan uap,sekat uap air,
,,,,,,,,
,,,,,,,,
"Sequential Multiport Fuel Injection (SFI) (n)
/sɪˈkwen.ʃəl mʌl.tipɔːtˈfjʊəl ɪnˌdʒek.ʃən",,,,,,urutan injeksi bahan bakar banyak lubang,urutan injeksi bahan bakar banyak lubang,urutan injeksi bahan bakar banyak lubang
,,,,,,,,
,,,,,,,,
"Service Reminder Indicator (SRI) (n)
/ˈsɜː.vɪs rɪˈmaɪn.dər ˈɪn.dɪ.keɪ.tər/",,,,,,indikator pengingat servis,indikator pengingat servis,indikator pengingat servis
,,,,,,,,
,,,,,,,,
shaft (n)                                                                                                                                                                                                                                                                                                                                                                       /ʃɑːft/,,,,,,poros,poros,
,,,,,,,,
,,,,,,,,
shock (n)                                                                                                                                                                                                                                                                                                                                                                                         /ʃɒk/,,,,,,sok,sok,
,,,,,,,,
,,,,,,,,
shock absorber (n)                                                                                                                                                                                                                                                                                                                                                                              /ˈʃɒk əbzɔːbə(r)/,,,,,,sok peredam,sok,
,,,,,,,,
,,,,,,,,
shock breaker (n)                                                                                                                                                                                                                                                                                                                                                                 /ʃɒk ˈbreɪ.kər/,,,,,,peredam kejut,peredam sok,
,,,,,,,,
,,,,,,,,
"Single Overhead Camshaft (SOHC) (n)
/ˈsɪŋ.ɡəl ˈəʊ.və.hed ˈkæm.ʃɑːft/",,,,,,camshaft tunggal diatas kepala silinder,singel noken as,
,,,,,,,,
,,,,,,,,
Single Point Injection (SPI) (n)                                                                                                                                                                                                                                                                                                                                     /ˈsɪŋ.ɡəl pɔɪnt ɪnˈdʒek.ʃən/,,,,,,injeksi berlubang tunggal,injektor satu nosel,
,,,,,,,,
,,,,,,,,
Smoke Puff Limiter (SPL) (n)                                                                                                                                                                                                                                                                                                                    /sməʊk pʌf ˈlɪm.ɪt ər/,,,,,,pembatas kepulan asap,pembatas kepulan asap,pembatas kepulan asap
,,,,,,,,
,,,,,,,,
Society of Automotive Engineer (SAE) (n)                                                                                                                                                                                                                                                                                      /səˈsaɪ.ə.ti əv ˌɔː.təˈməʊ.tɪv ˌen.dʒɪˈnɪər/,,,,,,satuan ukuran kekentalan oli,satuan ukuran kekentalan oli,
,,,,,,,,
,,,,,,,,
socket (n)                                                                                                                                                                                                                                                                                                                                                             /ˈsɒk.ɪt/,,,,,,kunci sok,kunci sok,
,,,,,,,,
,,,,,,,,
spark plug (n)                                                                                                                                                                                                                                                                                                                                                  /ˈspɑːk plʌɡ/,,,,,,busi,busi,
,,,,,,,,
,,,,,,,,
Specification (SPEC) (n)                                                                                                                                                                                                                                                                                                                               /ˌspes.ɪ.fɪˈkeɪ.ʃən/,,,,,,spesifikasi,spek,
,,,,,,,,
,,,,,,,,
spring (n)                                                                                                                                                                                                                                                                                                                                                                                                                         /sprɪŋ/,,,,,,pegas,per,
,,,,,,,,
,,,,,,,,
"slotted screwdriver (n)
/ˈslɒt.ɪd
ˈskruːˌdraɪ.vər/",,,,,,obeng kembang,obeng kembang,
,,,,,,,,
,,,,,,,,
snap ring (n)                                                                                                                                                                                                                                                                                                                                                      /snæp rɪŋ/,,,,,,pengunci,pengunci,
,,,,,,,,
,,,,,,,,
socket (n)                                                                                                                                                                                                                                                                                                                                                        /ˈsɒkɪt/,,,,,,stopkontak,soket,
,,,,,,,,
,,,,,,,,
socket spanner (n)                                                                                                                                                                                                                                                                                                                                                    /ˈsɒkɪt ˈspænə(r)/,,,,,,kunci soket,kunci sok,
,,,,,,,,
,,,,,,,,
solid axle beam (n)                                                                                                                                                                                                                                                                                                                                        /ˈsɒlɪd ˈæksl biːm/,,,,,,balok poros padat,balok poros,
,,,,,,,,
,,,,,,,,
Special Service Tools (SST) (n)                                                                                                                                                                                                                                                                                                                                       /ˈspeʃ.əl ˈsɜː.vɪs tuːls/,,,,,,alat-alat servis khusus,kunci khusus,
,,,,,,,,
,,,,,,,,
spray gun (n)                                                                                                                                                                                                                                                                                                                                                    /ˈspreɪ ˌɡʌn/,,,,,,pistol pengabut cairan cat,pistol semprot,
,,,,,,,,
,,,,,,,,
spring eye (n)                                                                                                                                                                                                                                                                                                                                                          / sprɪŋ aɪ/,,,,,,mata per daun,mata per daun,
,,,,,,,,
,,,,,,,,
Starting Injection Control System (SICS) (n)                                                                                                                                                                                                                                                                                 /stɑːt ɪŋ ɪnˈdʒek.ʃən kənˈtrəʊl ˈsɪs.təm,,,,,,sistem kontrol injeksi start,sistem kontrol injeksi start,sistem kontrol injeksi start
,,,,,,,,
,,,,,,,,
steering (n)                                                                                                                                                                                                                                                                                                                                                                / ˈstɪərɪŋ /,,,,,,kemudi,setir,
,,,,,,,,
,,,,,,,,
stabilizer bar (n)                                                                                                                                                                                                                                                                                                                                               /ˈsteɪ.bəl.aɪ.zər bɑːr/,,,,,,batang penyeimbang,batang penyeimbang,batang penyeimbang
,,,,,,,,
,,,,,,,,
steering brake (n)                                                                                                                                                                                                                                                                                                                                          /ˈstɪərɪŋ breɪk/,,,,,,rem kemudi,rem,
,,,,,,,,
,,,,,,,,
steering knuckle (n)                                                                                                                                                                                                                                                                                                                                        /ˈstɪərɪŋ ˈnʌkl/,,,,,,sendi kemudi,sendi kemudi,
,,,,,,,,
,,,,,,,,
steering wheel (n)                                                                                                                                                                                                                                                                                                                                                      /ˈstɪərɪŋ wiːl/,,,,,,roda kemudi,roda setir,
,,,,,,,,
,,,,,,,,
step bumper (n)                                                                                                                                                                                                                                                                                                                                             /step ˈbʌmpə(r)/,,,,,,bemper pijakan,bemper pijakan,
,,,,,,,,
,,,,,,,,
stop light (n)                                                                                                                                                                                                                                                                                                                                                        /ˈstɒp laɪt/,,,,,,lampu rem,lampu rem,
,,,,,,,,
,,,,,,,,
strut bar (n)                                                                                                                                                                                                                                                                                                                                                  /strʌt bɑː(r)/,,,,,,tiang penyangga,batang penopang,
,,,,,,,,
,,,,,,,,
studded tyre (n)                                                                                                                                                                                                                                                                                                                                               /ˈstʌd.ɪd taɪər/,,,,,,ban berpaku,trek es salju,
,,,,,,,,
,,,,,,,,
Supplemental Restraint System (SRS) (n)                                                                                                                                                                                                                                                                                              /ˌsʌp.lɪˈmen.təl rɪˈstreɪnt ˈsɪs.təm/,,,,,,sistem pengendalian tambahan,sistem keamanan tambahan,
,,,,,,,,
,,,,,,,,
suspension (n)                                                                                                                                                                                                                                                                                                                                       /səˈspenʃn/,,,,,,penahan beban,suspensi,
,,,,,,,,
,,,,,,,,
swing arm (n)                                                                                                                                                                                                                                                                                                                                                                  /swɪŋ ɑːm/,,,,,,lengan ayun,sapit undang,
,,,,,,,,
,,,,,,,,
switch (SW) (n)                                                                                                                                                                                                                                                                                                                                                    /swɪtʃ/,,,,,,saklar,sakelar,
,,,,,,,,
,,,,,,,,
System Readiness Test (SRT) (n)                                                                                                                                                                                                                                                                                                                                        /ˈsɪs.təm ˈred.i.nəs test/,,,,,,tes kesiapan sistem,tes kesiapan sistem,
,,,,,,,,
T,,,,,,,,
English,,,,,,Indonesia,Local,
tachometer (TACH) (n)                                                                                                                                                                                                                                                                                                                       /tækˈɒm.ɪ.tər/,,,,,,takometer,takometer,
,,,,,,,,
,,,,,,,,
tail lights (n)                                                                                                                                                                                                                                                                                                                                                         /ˈteɪl laɪt /,,,,,,"lampu rem belakang yang berwarna merah, lampu belakang","lampu rem belakang yang berwarna merah, lampu belakang",
,,,,,,,,
,,,,,,,,
,,,,,,,,
tailpipe (n)                                                                                                                                                                                                                                                                                                                                                        /ˈteɪl.paɪp/,,,,,,pipa buang bagian belakang,knalpot,
,,,,,,,,
,,,,,,,,
tailpipe extension (n)                                                                                                                                                                                                                                                                                                                                      /ˈteɪl.paɪp ɪkˈsten.ʃən/,,,,,,perpanjangan pipa gas buang,sambungan knalpot,
,,,,,,,,
,,,,,,,,
tank (n)                                                                                                                                                                                                                                                                                                                                                             /tæŋk /,,,,,,tangki,tangki,
,,,,,,,,
,,,,,,,,
ten to two (n)                                                                                                                                                                                                                                                                                                                                                /ten tuː tuː/,,,,,,posisi tangan pada setir (posisi jam 2 kurang 10 menit),posisi setir kecepatan tinggi,
,,,,,,,,
,,,,,,,,
test drive (n)                                                                                                                                                                                                                                                                                                                                                       /ˈtest ˌdraɪv/,,,,,,uji kelayakan kendaraan,tes jalan,
,,,,,,,,
,,,,,,,,
test track (n)                                                                                                                                                                                                                                                                                                                                                       /ˈtest træk/,,,,,,uji lintasan,uji lintasan,
,,,,,,,,
,,,,,,,,
Thermal Vacuum Valve (TVY) (n)                                                                                                                                                                                                                                                                                                                 /ˈθɜː.məl ˈvæk.juːm vælv/,,,,,,katup vacuum thermal,katup vacuum thermal,
,,,,,,,,
,,,,,,,,
thermostat (n)                                                                                                                                                                                                                                                                                                                                                             /ˈθɜː.mə.stæt/,,,,,,"pengatur suhu, termostat","pengatur suhu, termostat",
,,,,,,,,
,,,,,,,,
Three-Way Catalytic Converter (TWC) (n)                                                                                                                                                                                                                                                                                                                                        /θriː weɪ ˌkæt.əˈlɪt.ɪk kənˈvɜː.tər/,,,,,,katalitik tiga arah,katalitic tiga arah,
,,,,,,,,
,,,,,,,,
,,,,,,,,
Throttle Body (TB) (n)                                                                                                                                                                                                                                                                                                                                     /ˈθrɒt.əl ˈbɒd.i/,,,,,,bodi trotel,trotel bodi,
,,,,,,,,
,,,,,,,,
thrust washer (n)                                                                                                                                                                                                                                                                                                                                      /θrʌst ˈwɒʃə(r)/,,,,,,"bantalan, luncur aksial, bantalan luncur aksial","bantalan, luncur bantalan luncur aksial",
,,,,,,,,
,,,,,,,,
timing belt (n)                                                                                                                                                                                                                                                                                                                                                    /ˈtaɪmɪŋ belt/,,,,,,tali poli,tali poli,
,,,,,,,,
,,,,,,,,
timing chain (n)                                                                                                                                                                                                                                                                                                                                                  /ˈtaɪmɪŋ tʃeɪn/,,,,,,rantai api,rantai kateng,
,,,,,,,,
,,,,,,,,
tire (n)                                                                                                                                                                                                                                                                                                                                                                    /ˈtaɪə(r)/,,,,,,ban,ban,
,,,,,,,,
,,,,,,,,
tire valve (n)                                                                                                                                                                                                                                                                                                                                                        /ˈtaɪə(r) vælv/,,,,,,pentil ban,pentil ban,
,,,,,,,,
,,,,,,,,
toolbox (n)                                                                                                                                                                                                                                                                                                                                                          /ˈtuːl.bɒks/,,,,,,kotak kunci,tempat kunci,
,,,,,,,,
,,,,,,,,
Transaxle (T/A) (n)                                                                                                                                                                                                                                                                                                                   /trænzˈæk.səl/,,,,,,transmisi,poros gandar,
,,,,,,,,
,,,,,,,,
"transmission system (n)
/trænzˈmɪʃn ˈsɪstəm/",,,,,,sistem persneling,sistem persneling,
,,,,,,,,
,,,,,,,,
"trigger (n)
/ˈtrɪɡ.ər/",,,,,,tuas penarik pada spray gun,pelatuk,
,,,,,,,,
,,,,,,,,
trunk (n)                                                                                                                                                                                                                                                                                                                                                               /trʌŋk/,,,,,,bagasi,bagasi,
,,,,,,,,
,,,,,,,,
tubeless (n)                                                                                                                                                                                                                                                                                                                                                                           / tjuːb les/,,,,,,tanpa ban dalam,ban buta,
,,,,,,,,
,,,,,,,,
tube tire (n)                                                                                                                                                                                                                                                                                                                                               / tjuːb ˈtaɪə(r)/,,,,,,ban dalam,ucus,
,,,,,,,,
,,,,,,,,
,,,,,,,,
,,,,,,,,
,,,,,,,,
,,,,,,,,
,,,,,,,,
,,,,,,,,
,,,,,,,,
,,,,,,,,
Figure T.1 Tube tire (source: idntimes.com),,,,,,,,
,,,,,,,,
turn signal (n)                                                                                                                                                                                                                                                                                                                                                    / ˈtɜːn sɪɡnəl /,,,,,,lampu indikator,lampu sein,
,,,,,,,,
,,,,,,,,
twilight lamp (n)                                                                                                                                                                                                                                                                                                                                                /ˈtwaɪ.laɪt læmp/,,,,,,lampu senja,lampu senja,
,,,,,,,,
,,,,,,,,
two wheels drive (n)                                                                                                                                                                                                                                                                                                                                   /tuː.wiːls ˈdraɪv/,,,,,,penggerak duaroda,penggerak dua roda,
,,,,,,,,
U,,,,,,,,
English,,,,,,Indonesia,Local,
used car (n)                                                                                                                                                                                                                                                                                                                                                                /juːzd ˈkɑː/,,,,,,mobil bekas,mobil bekas,
,,,,,,,,
,,,,,,,,
ultimate strength (n),,,,,,kuat limit,kuat limit,
/ˈʌl.tɪ.mət streŋθ/,,,,,,,,
,,,,,,,,
ultimate stress (n)                                                                                                                                                                                                                                                                                                                                            /ˈʌl.tɪ.mət stres/,,,,,,tegangan patah,tegangan patah,
,,,,,,,,
,,,,,,,,
undercarriage (n)                                                                                                                                                                                                                                                                                                                                                      /ˈʌn.dəˌkær.ɪdʒ/,,,,,,rangka bawah,rangka bawah,
,,,,,,,,
,,,,,,,,
,,,,,,,,
,,,,,,,,
,,,,,,,,
,,,,,,,,
,,,,,,,,
,,,,,,,,
,,,,,,,,
,,,,,,,,
Figure U.1 Undercarriage (source: myedisi.com),,,,,,,,
,,,,,,,,
undercut (n)                                                                                                                                                                                                                                                                                                                                                     /ˌʌn.dəˈkʌt/,,,,,,galian bawah,takik,
,,,,,,,,
V,,,,,,,,
English,,,,,,Indonesia,Local,
valve (n)                                                                                                                                                                                                                                                                                                                                                      /vælv/,,,,,,Katup,klep,
,,,,,,,,
,,,,,,,,
,,,,,,,,
,,,,,,,,
,,,,,,,,
,,,,,,,,
,,,,,,,,
,,,,,,,,
,,,,,,,,
,,,,,,,,
,,,,,,,,
Figure V.1 Valve (source: GridOto.com),,,,,,,,
,,,,,,,,
valve cap (n)                                                                                                                                                                                                                                                                                                                                                                             /vælv kæp/,,,,,,tutup katup,tutup pentil,
,,,,,,,,
,,,,,,,,
valve cover (n)                                                                                                                                                                                                                                                                                                                                           /vælv ˈkʌv.ər/,,,,,,penutup klep,cover klep,
,,,,,,,,
,,,,,,,,
valve lifter (n)                                                                                                                                                                                                                                                                                                                                        /vælv lɪft ə(r)/,,,,,,pengangkat/penumbuk katup,pengangkat/penumbuk katup,
,,,,,,,,
,,,,,,,,
valve seat (n)                                                                                                                                                                                                                                                                                                                                  /vælv siːt/,,,,,,dudukan katup,dudukan katup,
,,,,,,,,
,,,,,,,,
valve spring (n)                                                                                                                                                                                                                                                                                                                             /vælv sprɪŋ /,,,,,,pegas katup,pegas katup,
,,,,,,,,
,,,,,,,,
valve tire (n)                                                                                                                                                                                                                                                                                                                                  /vælv taɪər/,,,,,,katup pengisi udara ban,pentil ban,
,,,,,,,,
,,,,,,,,
valve tube (n)                                                                                                                                                                                                                                                                                                                                         /vælv tjuːb/,,,,,,selang pentil (katup),"selang pentil, dop ucus",
,,,,,,,,
,,,,,,,,
vaporization (n)                                                                                                                                                                                                                                                                                                                                     /ˌveɪpəraɪˈzeɪʃn /,,,,,,penguapan,penguapan,
,,,,,,,,
,,,,,,,,
"Vehicle Speed Sensor (VSS) (n)
/ˈvɪə.kəl spiːd ˈsen.sər/",,,,,,sensor kecepatan kendaraan,sensor kecepatan kendaraan,
,,,,,,,,
,,,,,,,,
viscosity (n)                                                                                                                                                                                                                                                                                                                           /vɪˈskɒs.ə.ti/,,,,,,kekentalan  suatu cairan,kekentalan,
,,,,,,,,
,,,,,,,,
viscosity index (n)                                                                                                                                                                                                                                                                                                                    /vɪˈskɒs.ə.ti ˈɪn.deks/,,,,,,indeks kekentalan,indeks kekentalan,
,,,,,,,,
,,,,,,,,
vise (n)                                                                                                                                                                                                                                                                                                                                                       /vaɪs/,,,,,,ragum,"ragum, tangem, penjepit",
,,,,,,,,
,,,,,,,,
Voltage Regulator (VR) (n)                                                                                                                                                                                                                                                                                                 /vɒlteɪdʒˈreɡ.jə.leɪ.tər/,,,,,,pengatur tegangan,pembagi tegangan,
,,,,,,,,
,,,,,,,,
Volume AirFlow (VAF) (n)                                                                                                                                                                                                                                                                                                                /ˈvɒl.juːm eərfləʊ/,,,,,,volume air udara,volume aliran udara,
,,,,,,,,
W,,,,,,,,
English,,,,,,Indonesia,Local,
water jacket engine (n)                                                                                                                                                                                                                                                                                                                      /ˈwɔːtə(r) ˈdʒækɪt ˈendʒɪn /,,,,,,pendingin blok mesin,pendingin blok mesin,
,,,,,,,,
,,,,,,,,
"waterpump (n)                                                                                                                                                                                                                                                                                                                                       /ˈwɔː.tər pʌmp/
",,,,,,pompa air radiator,pompa radiator,
,,,,,,,,
,,,,,,,,
water tube (n)                                                                                                                                                                                                                                                                                                                                        /ˈwɔː.tər tʃuːb/,,,,,,pipa air,pipa air,
,,,,,,,,
,,,,,,,,
welding machine (n)                                                                                                                                                                                                                                                                                                              /weldɪŋ məˈʃiːn/,,,,,,mesin las,mesin las,
,,,,,,,,
,,,,,,,,
wheels (n)                                                                                                                                                                                                                                                                                                                                          /wiːl/,,,,,,roda,roda,
,,,,,,,,
,,,,,,,,
wheel nuts (n)                                                                                                                                                                                                                                                                                                                                 /wiːl nʌts/,,,,,,kunci roda,kunci roda,
,,,,,,,,
,,,,,,,,
,,,,,,,,
,,,,,,,,
,,,,,,,,
,,,,,,,,
,,,,,,,,
,,,,,,,,
,,,,,,,,
,,,,,,,,
Figure W.1 Wheel nuts (source: mrtyre.com),,,,,,,,
,,,,,,,,
wheel shimmy (n)                                                                                                                                                                                                                                                                                                                          /wiːl ˈʃɪm.i/,,,,,,getaran roda pada arah samping,goyangan samping pada roda,
,,,,,,,,
,,,,,,,,
wheel tramp (n)                                                                                                                                                                                                                                                                                                                            /wiːl  træmp/,,,,,,roda bergetar pada arah vertikal,roda bergetar pada arah vertikal,
,,,,,,,,
,,,,,,,,
"Wide Open Throttle (WOT) (n)                                                                                                                                                                                                                                                                                               /waɪd  ˈəʊ.pən
ˈθrɒt.əl/",,,,,,trotel membuka penuh,bukaan gas penuh,
,,,,,,,,
,,,,,,,,
windowpane (n)                                                                                                                                                                                                                                                                                                                                    /ˈwɪndəʊpeɪn/,,,,,,kaca jendela,kaca jendela,
,,,,,,,,
,,,,,,,,
wiper (n)                                                                                                                                                                                                                                                                                                                                                  /ˈwaɪpə(r)/ ,,,,,,pembersih kaca,pembersih kaca,
,,,,,,,,
,,,,,,,,
windscreen wiper (n)                                                                                                                                                                                                                                                                                                                                     /ˈwɪndskriːn ˈwaɪpə(r) /,,,,,,pembersih kaca depan,pengelap kaca depan,
,,,,,,,,
,,,,,,,,
windshield (n)                                                                                                                                                                                                                                                                                                                                                                 / ˈwɪndʃiːld/,,,,,,kaca depan,kaca depan,
,,,,,,,,
,,,,,,,,
windshield holder (n)                                                                                                                                                                                                                                                                                                                                                  / ˈwɪndʃiːld ˈhəʊldə(r)/,,,,,,pegangan kaca mobil,dudukan kaca mobil,
,,,,,,,,
,,,,,,,,
wing mirror (n)                                                                                                                                                                                                                                                                                                                                                        / wɪŋ ˈmɪrə(r)/,,,,,,kaca spion,kaca spion,
,,,,,,,,
,,,,,,,,
wiper switch (n)                                                                                                                                                                                                                                                                                                                                             /ˈwaɪp.ər   swɪtʃ/,,,,,,sakelar penyeka kaca,sakelar wiper,
,,,,,,,,
,,,,,,,,
wire brush (n)                                                                                                                                                                                                                                                                                                                                           / ˈwaɪə(r) brʌʃ/,,,,,,sikat kawat,sikat kawat,
,,,,,,,,
,,,,,,,,
wiring harness (n)                                                                                                                                                                                                                                                                                                                                      /ˈwaɪə.rɪŋ ˈhɑː.nəs/,,,,,,kabel kelistrikan,kabel body,
,,,,,,,,
,,,,,,,,
wrench (n)                                                                                                                                                                                                                                                                                                                                                 / rentʃ/,,,,,,kunci inggris,kunci inggris,
,,,,,,,,
,,,,,,,,
wrinkling (n)                                                                                                                                                                                                                                                                                                                                                 /ˈrɪŋ.klɪŋ/,,,,,,cacat pengecatan,kerutan cat,
,,,,,,,,
Y,,,,,,,,
(English),,,,,,(Indonesia),(Local),
yield point (n)                                                                                                                                                                                                                                                                                                                                 /jiːld pɔɪnt/,,,,,,titik patah,"tegangan awal, titik mati, poin hasil, arus koil",
,,,,,,,,
,,,,,,,,
yield strength (n)                                                                                                                                                                                                                                                                                                                                     /jiːld streŋθ/,,,,,,tegangan luluh,"titik luluh, kelebihan tegangan, ristan mobil",
,,,,,,,,
,,,,,,,,
young’s modulus (n)                                                                                                                                                                                                                                                                                                                   /jʌŋ’s ˈmɒd.jə.ləs/,,,,,,modulus young,"satuan tekanan modulus tarik, rumus kekakuan",
,,,,,,,,
Z,,,,,,,,
(English),,,,,,(Indonesia),(Local),
zener diode (n)                                                                                                                                                                                                                                                                                                                                                     /zee·nr dai·owd/,,,,,,diode zener,"arus listrik, dioda penghubung",
,,,,,,,,
,,,,,,,,
zero point (n)                                                                                                                                                                                                                                                                                                                                                        /ˈzɪə.rəʊ pɔɪnt/,,,,,,titik nol,"titik awal, titik mati, titik nol",